Site,Copies,-5,-4,-3,-2,-1,0,1,2,3,4,5
1,1,0.000373,0.012988,0.063858,0.121392,0.218365,0.269728,0.136679,0.126543,0.044528,0.004812,0.000734
2,3,0,0.007424,0.024012,0.090124,0.217175,0.246606,0.250418,0.116495,0.03661,0.011136,0
3,3,4.50E-05,0.007126,0.022069,0.113669,0.184514,0.223986,0.211411,0.136651,0.084385,0.015922,0.000222
4,6,0.002317,0.01352,0.031157,0.130079,0.264551,0.230046,0.176247,0.110196,0.028878,0.012905,0.000104
5,1,0,0.002884,0.05058,0.100689,0.269282,0.280592,0.163094,0.070436,0.039967,0.022476,0
6,10,0.00011,0.000555,0.02556,0.088882,0.271496,0.260653,0.249337,0.082056,0.0202,0.001067,8.40E-05
7,6,0.002714,0.000959,0.061129,0.108834,0.222692,0.275049,0.220072,0.087037,0.013595,0.007919,0
8,9,1.00E-06,0.002392,0.061294,0.10924,0.192546,0.302569,0.171774,0.062176,0.076837,0.021171,0
9,5,1.00E-06,0.001841,0.073266,0.128138,0.244565,0.21589,0.211261,0.120337,0.003714,0.000978,9.00E-06
10,2,1.00E-06,0.005039,0.042455,0.112727,0.198666,0.289162,0.21207,0.104015,0.027596,0.008267,2.00E-06
,,,,,,,,,,,,
,,,,,,,,,,,,
,,,,,,,,,,,,